{
  "data": [
    {
      "data": {
        "Subject": "OLF",
        "From": "Luvieno N Philander <Luvieno.Philander@westerncape.gov.za>",
        "To": "Transport Licensing <tal.licensingapps@westerncape.gov.za>",
        "Cc": null,
        "Date": "Wed, 17 Feb 2021 14:14:29 +0200",
        "Id": 2544,
        "Text": null,
        "Html": null,
        "ContentType": "",
        "Attachments": null
      }
    },
    {
      "data": {
        "Subject": "OLF",
        "From": "Luvieno N Philander <Luvieno.Philander@westerncape.gov.za>",
        "To": "Transport Licensing <tal.licensingapps@westerncape.gov.za>",
        "Cc": null,
        "Date": "Wed, 17 Feb 2021 14:42:51 +0200",
        "Id": 2545,
        "Text": null,
        "Html": null,
        "ContentType": "",
        "Attachments": null
      }
    },
    {
      "data": {
        "Subject": "REMINDER: Premier SOPA Discussion Invite #WCSOPA2021",
        "From": "Corporate Communication <Corporate.Communication@westerncape.gov.za>",
        "To": "Corporate Communication <Corporate.Communication@westerncape.gov.za>",
        "Cc": null,
        "Date": "Wed, 17 Feb 2021 14:40:26 +0200",
        "Id": 2546,
        "Text": null,
        "Html": null,
        "ContentType": "",
        "Attachments": null
      }
    },
    {
      "data": {
        "Subject": "OLF",
        "From": "Luvieno N Philander <Luvieno.Philander@westerncape.gov.za>",
        "To": "Transport Licensing <tal.licensingapps@westerncape.gov.za>",
        "Cc": null,
        "Date": "Wed, 17 Feb 2021 14:44:57 +0200",
        "Id": 2547,
        "Text": null,
        "Html": null,
        "ContentType": "",
        "Attachments": null
      }
    },
    {
      "data": {
        "Subject": "FW: Uitslae op saak....  Edge Bay Investments 11 (Pty)Ltd CAW 23467-2",
        "From": "\"Erika Smith\" <erikas@yebo.co.za>",
        "To": "<tal.licensingapps@westerncape.gov.za>",
        "Cc": null,
        "Date": "Wed, 17 Feb 2021 12:45:20 GMT",
        "Id": 2548,
        "Text": null,
        "Html": null,
        "ContentType": "",
        "Attachments": null
      }
    },
    {
      "data": {
        "Subject": "CL 11371     REGISTER NR CBF497F",
        "From": "Judy Fortuin <Judy.Fortuin@drakenstein.gov.za>",
        "To": "\"ctc.enatis@westerncape.gov.za\" <ctc.enatis@westerncape.gov.za>",
        "Cc": null,
        "Date": "Wed, 17 Feb 2021 13:06:39 GMT",
        "Id": 2549,
        "Text": null,
        "Html": null,
        "ContentType": "",
        "Attachments": null
      }
    },
    {
      "data": {
        "Subject": "Re: Query for RJ Hills",
        "From": "Richard Hills <hillr6535@gmail.com>",
        "To": "Transport Licensing <tal.licensingapps@westerncape.gov.za>",
        "Cc": null,
        "Date": "Wed, 17 Feb 2021 13:14:14 GMT",
        "Id": 2550,
        "Text": null,
        "Html": null,
        "ContentType": "",
        "Attachments": null
      }
    },
    {
      "data": {
        "Subject": "CORRECTIONS  MVA",
        "From": "Judy Fortuin <Judy.Fortuin@drakenstein.gov.za>",
        "To": "\"ctc.enatis@westerncape.gov.za\" <ctc.enatis@westerncape.gov.za>",
        "Cc": null,
        "Date": "Wed, 17 Feb 2021 13:14:33 GMT",
        "Id": 2551,
        "Text": null,
        "Html": null,
        "ContentType": "",
        "Attachments": null
      }
    },
    {
      "data": {
        "Subject": "PRESS RELEASES & MEDIA ALERTS FOR WCG FOR WEDNESDAY, 17 FEBRUARY 2021 ",
        "From": "Corporate Communication <Corporate.Communication@westerncape.gov.za>",
        "To": "Corporate Communication <Corporate.Communication@westerncape.gov.za>",
        "Cc": null,
        "Date": "Wed, 17 Feb 2021 15:16:23 +0200",
        "Id": 2552,
        "Text": null,
        "Html": null,
        "ContentType": "",
        "Attachments": null
      }
    }
  ]
}