{
  "data": [
    {
      "data": {
        "Subject": "=?utf-8?B?U3BhbSBOb3RpZmljYXRpb246IDEgTmV3IE1lc3NhZ2Vz?=",
        "From": "\"quarantine@messaging.microsoft.com\" <quarantine@messaging.microsoft.com>",
        "To": "<tal.licensingapps@westerncape.gov.za>",
        "Cc": null,
        "Date": "Thu, 18 Feb 2021 01:36:04 GMT",
        "Id": 2553,
        "Text": null,
        "Html": null,
        "ContentType": "",
        "Attachments": null
      }
    },
    {
      "data": {
        "Subject": "EXTENDED PRESS RELEASES & MEDIA ALERTS FOR WCG FOR WEDNESDAY, 17\r\nFEBRUARY 2021 ",
        "From": "Corporate Communication <Corporate.Communication@westerncape.gov.za>",
        "To": "Corporate Communication <Corporate.Communication@westerncape.gov.za>",
        "Cc": null,
        "Date": "Thu, 18 Feb 2021 08:54:29 +0200",
        "Id": 2554,
        "Text": null,
        "Html": null,
        "ContentType": "",
        "Attachments": null
      }
    },
    {
      "data": {
        "Subject": "FW: CT 24641 - follow up",
        "From": "\"Santa Cruz Bruz - Sonja van Jaarsveld\" <readymix@scbtransport.co.za>",
        "To": "<tal.licensingapps@westerncape.gov.za>",
        "Cc": null,
        "Date": "Thu, 18 Feb 2021 07:06:51 GMT",
        "Id": 2555,
        "Text": null,
        "Html": null,
        "ContentType": "",
        "Attachments": null
      }
    },
    {
      "data": {
        "Subject": "Update Please Re: Authorisation To Draw Copy Re: Duplicate\r\nRegistration For Honda JZD 046 GP",
        "From": "Neil Hymers <neil.hymers@digibet.co.za>",
        "To": "\"Transport.licensing@westerncape.gov.za\"\r\n<Transport.licensing@westerncape.gov.za>",
        "Cc": null,
        "Date": "Thu, 18 Feb 2021 07:28:59 +0000",
        "Id": 2556,
        "Text": null,
        "Html": null,
        "ContentType": "",
        "Attachments": null
      }
    },
    {
      "data": {
        "Subject": "follow up on Mr Tafeni application ",
        "From": "\"Williams, C.T.\" <ctwilliams@mosselbay.gov.za>",
        "To": "\"Transport.Licensing@westerncape.gov.za\"\r\n<Transport.Licensing@westerncape.gov.za>",
        "Cc": null,
        "Date": "Thu, 18 Feb 2021 07:28:38 +0000",
        "Id": 2557,
        "Text": null,
        "Html": null,
        "ContentType": "",
        "Attachments": null
      }
    },
    {
      "data": {
        "Subject": "Emailing: cy141230",
        "From": "Paul George <Paul.George@westerncape.gov.za>",
        "To": "Transport Licensing <tal.licensingapps@westerncape.gov.za>",
        "Cc": null,
        "Date": "Thu, 18 Feb 2021 09:39:45 +0200",
        "Id": 2558,
        "Text": null,
        "Html": null,
        "ContentType": "",
        "Attachments": null
      }
    },
    {
      "data": {
        "Subject": "REMINDER: Premier SOPA Discussion Invite #WCSOPA2021",
        "From": "Corporate Communication <Corporate.Communication@westerncape.gov.za>",
        "To": "Corporate Communication <Corporate.Communication@westerncape.gov.za>",
        "Cc": null,
        "Date": "Thu, 18 Feb 2021 09:55:06 +0200",
        "Id": 2559,
        "Text": null,
        "Html": null,
        "ContentType": "",
        "Attachments": null
      }
    },
    {
      "data": {
        "Subject": "Estate Late RP Stroebel - ID: 470416 5054 08 4 || Application for\r\nDuplicate Motor Vehicle Registration Certificate  DATSUN PICKUP - [External\r\nEmail]",
        "From": "\"Lotze, Michelle\" <MLotze@fnb.co.za>",
        "To": "\"Transport.licensing@westerncape.gov.za\"\r\n<Transport.licensing@westerncape.gov.za>",
        "Cc": null,
        "Date": "Thu, 18 Feb 2021 08:14:06 GMT",
        "Id": 2560,
        "Text": null,
        "Html": null,
        "ContentType": "",
        "Attachments": null
      }
    },
    {
      "data": {
        "Subject": "FW: Duplicate vehicle registration CF 37356",
        "From": "Francois Dekker <Francois.Dekker@westerncape.gov.za>",
        "To": "Transport Licensing <tal.licensingapps@westerncape.gov.za>",
        "Cc": null,
        "Date": "Thu, 18 Feb 2021 10:55:20 +0200",
        "Id": 2561,
        "Text": null,
        "Html": null,
        "ContentType": "",
        "Attachments": null
      }
    }
  ]
}